{
  "data": {
    "viewer": null,
    "user": {
      "reel": {
        "__typename": "GraphReel",
        "id": "31310607724",
        "expiring_at": 1594954826,
        "latest_reel_media": null,
        "seen": null,
        "user": {
          "id": "31310607724",
          "profile_pic_url": "https://instagram.fcgk18-2.fna.fbcdn.net/v/t51.2885-19/44884218_345707102882519_2446069589734326272_n.jpg?_nc_ht=instagram.fcgk18-2.fna.fbcdn.net&_nc_cat=1&_nc_ohc=fTIyv_ZY0jwAX8ilwiU&oh=a2a68d2cba8c882a020e5608778e3239&oe=5F3B398F&ig_cache_key=YW5vbnltb3VzX3Byb2ZpbGVfcGlj.2",
          "username": "riedayme"
        },
        "owner": {
          "__typename": "GraphUser",
          "id": "31310607724",
          "profile_pic_url": "https://instagram.fcgk18-2.fna.fbcdn.net/v/t51.2885-19/44884218_345707102882519_2446069589734326272_n.jpg?_nc_ht=instagram.fcgk18-2.fna.fbcdn.net&_nc_cat=1&_nc_ohc=fTIyv_ZY0jwAX8ilwiU&oh=a2a68d2cba8c882a020e5608778e3239&oe=5F3B398F&ig_cache_key=YW5vbnltb3VzX3Byb2ZpbGVfcGlj.2",
          "username": "riedayme"
        }
      }
    }
  },
  "status": "ok"
}